--
-- PostgreSQL database dump
--

-- Dumped from database version 9.2.2
-- Dumped by pg_dump version 9.2.2
-- Started on 2013-01-18 10:03:20

SET statement_timeout = 0;
SET client_encoding = 'UTF8';
SET standard_conforming_strings = on;
SET check_function_bodies = false;
SET client_min_messages = warning;

--
-- TOC entry 178 (class 3079 OID 11727)
-- Name: plpgsql; Type: EXTENSION; Schema: -; Owner: 
--

CREATE EXTENSION IF NOT EXISTS plpgsql WITH SCHEMA pg_catalog;


--
-- TOC entry 1980 (class 0 OID 0)
-- Dependencies: 178
-- Name: EXTENSION plpgsql; Type: COMMENT; Schema: -; Owner: 
--

COMMENT ON EXTENSION plpgsql IS 'PL/pgSQL procedural language';


SET search_path = public, pg_catalog;

SET default_tablespace = '';

SET default_with_oids = false;

--
-- TOC entry 168 (class 1259 OID 16427)
-- Name: club_names; Type: TABLE; Schema: public; Owner: postgres; Tablespace: 
--

CREATE TABLE club_names (
    id integer NOT NULL,
    club_name text NOT NULL
);


ALTER TABLE public.club_names OWNER TO postgres;

--
-- TOC entry 169 (class 1259 OID 16433)
-- Name: clubnames_ID_seq; Type: SEQUENCE; Schema: public; Owner: postgres
--

CREATE SEQUENCE "clubnames_ID_seq"
    START WITH 1
    INCREMENT BY 1
    NO MINVALUE
    NO MAXVALUE
    CACHE 1;


ALTER TABLE public."clubnames_ID_seq" OWNER TO postgres;

--
-- TOC entry 1981 (class 0 OID 0)
-- Dependencies: 169
-- Name: clubnames_ID_seq; Type: SEQUENCE OWNED BY; Schema: public; Owner: postgres
--

ALTER SEQUENCE "clubnames_ID_seq" OWNED BY club_names.id;


--
-- TOC entry 170 (class 1259 OID 16435)
-- Name: details; Type: TABLE; Schema: public; Owner: postgres; Tablespace: 
--

CREATE TABLE details (
    id integer NOT NULL,
    detail_description text NOT NULL
);


ALTER TABLE public.details OWNER TO postgres;

--
-- TOC entry 171 (class 1259 OID 16441)
-- Name: details_ID_seq; Type: SEQUENCE; Schema: public; Owner: postgres
--

CREATE SEQUENCE "details_ID_seq"
    START WITH 1
    INCREMENT BY 1
    NO MINVALUE
    NO MAXVALUE
    CACHE 1;


ALTER TABLE public."details_ID_seq" OWNER TO postgres;

--
-- TOC entry 1982 (class 0 OID 0)
-- Dependencies: 171
-- Name: details_ID_seq; Type: SEQUENCE OWNED BY; Schema: public; Owner: postgres
--

ALTER SEQUENCE "details_ID_seq" OWNED BY details.id;


--
-- TOC entry 172 (class 1259 OID 16443)
-- Name: judges; Type: TABLE; Schema: public; Owner: postgres; Tablespace: 
--

CREATE TABLE judges (
    id integer NOT NULL,
    first_name text NOT NULL,
    last_name text NOT NULL,
    user_name text NOT NULL,
    password text NOT NULL,
    is_super bit(1)
);


ALTER TABLE public.judges OWNER TO postgres;

--
-- TOC entry 173 (class 1259 OID 16449)
-- Name: judges_ID_seq; Type: SEQUENCE; Schema: public; Owner: postgres
--

CREATE SEQUENCE "judges_ID_seq"
    START WITH 1
    INCREMENT BY 1
    NO MINVALUE
    NO MAXVALUE
    CACHE 1;


ALTER TABLE public."judges_ID_seq" OWNER TO postgres;

--
-- TOC entry 1983 (class 0 OID 0)
-- Dependencies: 173
-- Name: judges_ID_seq; Type: SEQUENCE OWNED BY; Schema: public; Owner: postgres
--

ALTER SEQUENCE "judges_ID_seq" OWNED BY judges.id;


--
-- TOC entry 174 (class 1259 OID 16451)
-- Name: questions; Type: TABLE; Schema: public; Owner: postgres; Tablespace: 
--

CREATE TABLE questions (
    id integer NOT NULL,
    question text NOT NULL
);


ALTER TABLE public.questions OWNER TO postgres;

--
-- TOC entry 175 (class 1259 OID 16457)
-- Name: questions_ID_seq; Type: SEQUENCE; Schema: public; Owner: postgres
--

CREATE SEQUENCE "questions_ID_seq"
    START WITH 1
    INCREMENT BY 1
    NO MINVALUE
    NO MAXVALUE
    CACHE 1;


ALTER TABLE public."questions_ID_seq" OWNER TO postgres;

--
-- TOC entry 1984 (class 0 OID 0)
-- Dependencies: 175
-- Name: questions_ID_seq; Type: SEQUENCE OWNED BY; Schema: public; Owner: postgres
--

ALTER SEQUENCE "questions_ID_seq" OWNED BY questions.id;


--
-- TOC entry 176 (class 1259 OID 16459)
-- Name: results; Type: TABLE; Schema: public; Owner: postgres; Tablespace: 
--

CREATE TABLE results (
    id integer NOT NULL,
    judge_id integer NOT NULL,
    club_id integer NOT NULL,
    question_id integer NOT NULL,
    points integer,
    rank integer,
    notes text
);


ALTER TABLE public.results OWNER TO postgres;

--
-- TOC entry 177 (class 1259 OID 16465)
-- Name: results_ID_seq; Type: SEQUENCE; Schema: public; Owner: postgres
--

CREATE SEQUENCE "results_ID_seq"
    START WITH 1
    INCREMENT BY 1
    NO MINVALUE
    NO MAXVALUE
    CACHE 1;


ALTER TABLE public."results_ID_seq" OWNER TO postgres;

--
-- TOC entry 1985 (class 0 OID 0)
-- Dependencies: 177
-- Name: results_ID_seq; Type: SEQUENCE OWNED BY; Schema: public; Owner: postgres
--

ALTER SEQUENCE "results_ID_seq" OWNED BY results.id;


--
-- TOC entry 1945 (class 2604 OID 16467)
-- Name: id; Type: DEFAULT; Schema: public; Owner: postgres
--

ALTER TABLE ONLY club_names ALTER COLUMN id SET DEFAULT nextval('"clubnames_ID_seq"'::regclass);


--
-- TOC entry 1946 (class 2604 OID 16468)
-- Name: id; Type: DEFAULT; Schema: public; Owner: postgres
--

ALTER TABLE ONLY details ALTER COLUMN id SET DEFAULT nextval('"details_ID_seq"'::regclass);


--
-- TOC entry 1947 (class 2604 OID 16469)
-- Name: id; Type: DEFAULT; Schema: public; Owner: postgres
--

ALTER TABLE ONLY judges ALTER COLUMN id SET DEFAULT nextval('"judges_ID_seq"'::regclass);


--
-- TOC entry 1948 (class 2604 OID 16470)
-- Name: id; Type: DEFAULT; Schema: public; Owner: postgres
--

ALTER TABLE ONLY questions ALTER COLUMN id SET DEFAULT nextval('"questions_ID_seq"'::regclass);


--
-- TOC entry 1949 (class 2604 OID 16471)
-- Name: id; Type: DEFAULT; Schema: public; Owner: postgres
--

ALTER TABLE ONLY results ALTER COLUMN id SET DEFAULT nextval('"results_ID_seq"'::regclass);


--
-- TOC entry 1963 (class 0 OID 16427)
-- Dependencies: 168
-- Data for Name: club_names; Type: TABLE DATA; Schema: public; Owner: postgres
--

COPY club_names (id, club_name) FROM stdin;
1	Christliche Damen
2	Kappa Phi Kappa
3	Lambda Omega Alpha
4	Zeta Gamma
5	Alpha Chi Delta
6	Koinonia
7	Kyodai
8	Sub T-16
\.


--
-- TOC entry 1986 (class 0 OID 0)
-- Dependencies: 169
-- Name: clubnames_ID_seq; Type: SEQUENCE SET; Schema: public; Owner: postgres
--

SELECT pg_catalog.setval('"clubnames_ID_seq"', 8, true);


--
-- TOC entry 1965 (class 0 OID 16435)
-- Dependencies: 170
-- Data for Name: details; Type: TABLE DATA; Schema: public; Owner: postgres
--

COPY details (id, detail_description) FROM stdin;
1	Concept
2	Design
3	Function
4	Diction / Clairty
5	Dynamics
6	Quality
7	Precision
8	Variety
9	Use of Stage
10	Synchronization
11	Facial Expressions
12	Clear Plotline
13	Characterization
14	Cohesive Storyline
15	Logical conclusion and climax
16	Use of Props
17	Backdrop and Video
18	Quality of recorded audio
19	Lighting
\.


--
-- TOC entry 1987 (class 0 OID 0)
-- Dependencies: 171
-- Name: details_ID_seq; Type: SEQUENCE SET; Schema: public; Owner: postgres
--

SELECT pg_catalog.setval('"details_ID_seq"', 19, true);


--
-- TOC entry 1967 (class 0 OID 16443)
-- Dependencies: 172
-- Data for Name: judges; Type: TABLE DATA; Schema: public; Owner: postgres
--

COPY judges (id, first_name, last_name, user_name, password, is_super) FROM stdin;
4	Second	Last	SL	test	\N
1	First	Last	FL	test	\N
\.


--
-- TOC entry 1988 (class 0 OID 0)
-- Dependencies: 173
-- Name: judges_ID_seq; Type: SEQUENCE SET; Schema: public; Owner: postgres
--

SELECT pg_catalog.setval('"judges_ID_seq"', 4, true);


--
-- TOC entry 1969 (class 0 OID 16451)
-- Dependencies: 174
-- Data for Name: questions; Type: TABLE DATA; Schema: public; Owner: postgres
--

COPY questions (id, question) FROM stdin;
1	Costumes / Makeup
2	Vocal Expression
3	Staging / Choreography
4	Storyline / Dramatic Elements
5	Special Effects
\.


--
-- TOC entry 1989 (class 0 OID 0)
-- Dependencies: 175
-- Name: questions_ID_seq; Type: SEQUENCE SET; Schema: public; Owner: postgres
--

SELECT pg_catalog.setval('"questions_ID_seq"', 5, true);


--
-- TOC entry 1971 (class 0 OID 16459)
-- Dependencies: 176
-- Data for Name: results; Type: TABLE DATA; Schema: public; Owner: postgres
--

COPY results (id, judge_id, club_id, question_id, points, rank, notes) FROM stdin;
13	1	1	5	10	\N	\N
14	1	1	5	10	\N	\N
15	1	1	2	10	\N	\N
18	4	1	1	10	\N	\N
19	4	1	2	8	\N	\N
20	4	1	2	8	1	\N
21	4	2	2	8	1	\N
22	1	1	4	8	1	\N
23	1	2	5	5	2	\N
\.


--
-- TOC entry 1990 (class 0 OID 0)
-- Dependencies: 177
-- Name: results_ID_seq; Type: SEQUENCE SET; Schema: public; Owner: postgres
--

SELECT pg_catalog.setval('"results_ID_seq"', 24, true);


--
-- TOC entry 1951 (class 2606 OID 16473)
-- Name: clubnames_ID_key; Type: CONSTRAINT; Schema: public; Owner: postgres; Tablespace: 
--

ALTER TABLE ONLY club_names
    ADD CONSTRAINT "clubnames_ID_key" PRIMARY KEY (id);


--
-- TOC entry 1953 (class 2606 OID 16475)
-- Name: details_pkey; Type: CONSTRAINT; Schema: public; Owner: postgres; Tablespace: 
--

ALTER TABLE ONLY details
    ADD CONSTRAINT details_pkey PRIMARY KEY (id);


--
-- TOC entry 1955 (class 2606 OID 16477)
-- Name: judges_Username_key; Type: CONSTRAINT; Schema: public; Owner: postgres; Tablespace: 
--

ALTER TABLE ONLY judges
    ADD CONSTRAINT "judges_Username_key" UNIQUE (user_name);


--
-- TOC entry 1957 (class 2606 OID 16479)
-- Name: judges_pkey; Type: CONSTRAINT; Schema: public; Owner: postgres; Tablespace: 
--

ALTER TABLE ONLY judges
    ADD CONSTRAINT judges_pkey PRIMARY KEY (id);


--
-- TOC entry 1959 (class 2606 OID 16481)
-- Name: questions_pkey; Type: CONSTRAINT; Schema: public; Owner: postgres; Tablespace: 
--

ALTER TABLE ONLY questions
    ADD CONSTRAINT questions_pkey PRIMARY KEY (id);


--
-- TOC entry 1961 (class 2606 OID 16483)
-- Name: serial_pkey; Type: CONSTRAINT; Schema: public; Owner: postgres; Tablespace: 
--

ALTER TABLE ONLY results
    ADD CONSTRAINT serial_pkey PRIMARY KEY (id);


--
-- TOC entry 1962 (class 2606 OID 24576)
-- Name: fk_judges_id; Type: FK CONSTRAINT; Schema: public; Owner: postgres
--

ALTER TABLE ONLY results
    ADD CONSTRAINT fk_judges_id FOREIGN KEY (judge_id) REFERENCES judges(id);


--
-- TOC entry 1979 (class 0 OID 0)
-- Dependencies: 6
-- Name: public; Type: ACL; Schema: -; Owner: postgres
--

REVOKE ALL ON SCHEMA public FROM PUBLIC;
REVOKE ALL ON SCHEMA public FROM postgres;
GRANT ALL ON SCHEMA public TO postgres;
GRANT ALL ON SCHEMA public TO PUBLIC;


-- Completed on 2013-01-18 10:03:21

--
-- PostgreSQL database dump complete
--

